NAME,SET NAME,ROLE,COUNTRY,PRICE,IMAGE
Jasprit Bumrah,Marquee Tier 1,Bowler,India,2C,bumrah.avif
Jos Buttler,Marquee Tier 1,Wicket-Keeper,England,2C,jos_buttler.avif
MS Dhoni,Marquee Tier 1,Wicket-Keeper,India,3 Cr,ms_dhoni.avif
Pat Cummins,Marquee Tier 1,All-rounder,Australia,2 Cr,pat_cummins.avif
Rashid Khan,Marquee Tier 1,All-rounder,Afghanistan,2 Cr,rashid_khan.avif
Rohit Sharma,Marquee Tier 1,Batsman,India,2 Cr,rohit_sharma.avif
Sunil Narine,Marquee Tier 1,All-rounder,West Indies,2 Cr,sunil_narine.avif
Travis Head,Marquee Tier 1,Batsman,Australia,2 Cr,travis_head.avif
Virat Kohli,Marquee Tier 1,Batsman,India,3 Cr,virat_kohli.avif
Jofra Archer,Marquee Tier 2,Bowler,England,2 Cr,jofra_archer.avif
Aiden Markram,Marquee Tier 2,Batsman,South Africa,2 Cr,markram.avif
Axar Patel,Marquee Tier 2,All-rounder,India,2 Cr,axar_patel.avif
Hardik Pandya,Marquee Tier 2,All-rounder,India,2 Cr,hardik_pandya.avif
Heinrich Klaasen,Marquee Tier 2,Wicket-Keeper,South Africa,2 Cr,heinrich_klaasen.avif
Ishan Kishan,Marquee Tier 2,Wicket-Keeper,India,2 Cr,ishan_kishan.avif
Josh Hazlewood,Marquee Tier 2,Bowler,Australia,2 Cr,hazelwood.avif
KL Rahul,Marquee Tier 2,Wicket-Keeper,India,2 Cr,kl_rahul.avif
Kagiso Rabada,Marquee Tier 2,Bowler,South Africa,2 Cr,rabada.avif
Marcus Stoinis,Marquee Tier 2,All-rounder,Australia,2 Cr,stoinis.avif
Mitchell Marsh,Marquee Tier 2,All-rounder,Australia,2 Cr,mitchell_marsh.avif
Mitchell Starc,Marquee Tier 2,Bowler,Australia,2 Cr,mitchell_starc.avif
Mohammed Siraj,Marquee Tier 2,Bowler,India,2 Cr,siraj.avif
Nicholas Pooran,Marquee Tier 2,Batsman,West Indies,2 Cr,pooran.avif
Phil Salt,Marquee Tier 2,Wicket-Keeper,England,2 Cr,phil_salt.avif
Rishabh Pant,Marquee Tier 2,Wicket-Keeper,India,2 Cr,pant.avif
Shreyas Iyer,Marquee Tier 2,Batsman,India,2 Cr,shreyas_iyer.avif
Shubman Gill,Marquee Tier 2,Batsman,India,2 Cr,shubman_gill.avif
Suryakumar Yadav,Marquee Tier 2,Batsman,India,2 Cr,sky.avif
Trent Boult,Marquee Tier 2,Bowler,New Zealand,2 Cr,trent_boult.avif
Yashasvi Jaiswal,Marquee Tier 2,Batsman,India,2 Cr,jaiswal.avif
Yuzvendra Chahal,Marquee Tier 2,Bowler,India,2 Cr,yuzi.avif
Abhishek Sharma,Capped Batsman,Batsman,India,1.5 Cr,abhisek_sharma.avif
Abishek Porel,Capped Batsman,Wicket-Keeper,India,1.5 Cr,abhisek_porel.avif
Ajinkya Rahane,Capped Batsman,Batsman,India,1.5 Cr,rahane.avif
Devdutt Padikkal,Capped Batsman,Batsman,India,1.5 Cr,devdutt_padikkal.avif
Dewald Brevis,Capped Batsman,Batsman,South Africa,1.5 Cr,dewald_brevis.avif
Dhruv Jurel,Capped Batsman,Wicket-Keeper,India,1.5 Cr,dhurv_jurel.avif
Glenn Phillips,Capped Batsman,Batsman,New Zealand,1.5 Cr, glenn_phillips.avif
Jitesh Sharma,Capped Batsman,Wicket-Keeper,India,1.5 Cr,jitesh_sharma.avif
Karun Nair,Capped Batsman,Batsman,India,1.5 Cr,karun_nair.avif
Shahrukh Khan,Capped Batsman,Batsman,India,1.5 Cr,shahrukh_khan.avif
Manish Pandey,Capped Batsman,Batsman,India,1.5 Cr,manish_pandey.avif
Marco Jansen,Capped Batsman,Bowler,South Africa,1.5 Cr,marco_jansen.avif
Matthew Breetzke,Capped Batsman,Batsman,South Africa,1.5 Cr, matthew_breetzke.avif
Prabhsimran Singh,Capped Batsman,Batsman,India,1.5 Cr, prabhsimran_singh.avif
Prithvi Shaw,Capped Batsman,Batsman,India,1.5 Cr, prithivi_shaw.avif
Rajat Patidar,Capped Batsman,Batsman,India,1.5 Cr, rajat_patidar.avif
Rinku Singh,Capped Batsman,Batsman,India,1.5 Cr,rinku_singh.avif
Rovman Powell,Capped Batsman,Batsman,West Indies,1.5 Cr,rovman_powell.avif
Ruturaj Gaikwad,Capped Batsman,Batsman,India,1.5 Cr, Ruturaj_Gaikwad.avif
Ryan Rickelton,Capped Batsman,Wicket-Keeper,South Africa,1.5 Cr, ryan_rickelton.avif
Sai Sudharsan,Capped Batsman,Batsman,India,1.5 Cr, sai_sudharsan.avif
Shimron Hetmyer,Capped Batsman,Batsman,India,1.5 Cr, shimron_hetmyer.avif
Tilak Varma,Capped Batsman,Batsman,India,1.5 Cr, tilak_varma.avif
Tristan Stubbs,Capped Batsman,Batsman,South Africa,1.5 Cr, Tristan_Stubbs.avif
Arshdeep Singh,Capped Bowler,Bowler,India,1.5 Cr,arshdeep_singh.avif
Avesh Khan,Capped Bowler,Bowler,India,1.5 Cr, avesh_khan.avif
Bhuvneshwar Kumar,Capped Bowler,Bowler,India,1.5 Cr, bhuvi.avif
Deepak Chahar,Capped Bowler,Bowler,India,1.5 Cr, deepak_chahar.avif
Dushmantha Chameera,Capped Bowler,Bowler,Sri Lanka,1.5 Cr, dushmantha_chameera.avif
Eshan Malinga,Capped Bowler,Bowler,Sri Lanka,1.5 Cr, eshan_malinga.avif
Harshal Patel,Capped Bowler,Bowler,India,1.5 Cr, harshal_patel.avif
Harshit Rana,Capped Bowler,Bowler,India,1.5 Cr, harshit_rana.avif
Ishant Sharma,Capped Bowler,Bowler,India,1.5 Cr,ishant_sharma.avif
Jaydev Unadkat,Capped Bowler,Bowler,India,1.5 Cr,jaydev_unadkat.avif
Khaleel Ahmed,Capped Bowler,Bowler,India,1.5 Cr,khaleel_ahmed.avif
Kuldeep Sen,Capped Bowler,Bowler,India,1.5 Cr,kuldeep_sen.avif
Kuldeep Yadav,Capped Bowler,Bowler,India,1.5 Cr,kuldeep_yadav.avif
Lungi Ngidi,Capped Bowler,Bowler,South Africa,1.5 Cr, lungisani_ngidi.avif
Mayank Yadav,Capped Bowler,Bowler,India,1.5 Cr, mayank_yadav.avif
Mohsin Khan,Capped Bowler,Bowler,India,1.5 Cr, moshin_khan.avif
Mukesh Kumar,Capped Bowler,Bowler,India,1.5 Cr, mukesh_kumar.avif
Nandre Burger,Capped Bowler,Bowler,South Africa,1.5 Cr,burger.avif
Nathan Ellis,Capped Bowler,Bowler,Australia,1.5 Cr, nathan_ellis.avif
Noor Ahmad,Capped Bowler,Bowler,Afghanistan,1.5 Cr, noor_ahmad.avif
Nuwan Thushara,Capped Bowler,Bowler,Sri Lanka,1.5 Cr, nuwan_thushara.avif
Prasidh Krishna,Capped Bowler,Bowler,India,1.5 Cr, prasidh_krishna.avif
Sai Kishore,Capped Bowler,Bowler,India,1.5 Cr, sai_kishore.avif
Sandeep Sharma,Capped Bowler,Bowler,India,1.5 Cr, sandeep_sharma.avif
Shreyas Gopal,Capped Bowler,Bowler,India,1.5 Cr,shreyas_gopal.avif
T Natarajan,Capped Bowler,Bowler,India,1.5 Cr, t_natarajan.avif
Tushar Deshpande,Capped Bowler,Bowler,India,1.5 Cr, tushar_deshpande.avif
Varun Chakravarthy,Capped Bowler,Bowler,India,1.5 Cr, varun_chakaravarthy.avif
Yash Dayal,Capped Bowler,Bowler,India,1.5 Cr, yash_dayal.avif
Anukul Roy,Capped All-Rounder,All-rounder,India,1.5 Cr,ankul_roy.avif
Azmatullah Omarzai,Capped All-Rounder,All-rounder,Afghanistan,1.5 Cr, azmatullah_omarzai.avif
Harpreet Brar,Capped All-Rounder,All-rounder,India,1.5 Cr, harpreetbrar.avif
Jacob Bethell,Capped All-Rounder,All-rounder,England,1.5 Cr, jacob_bethell.avif
Jayant Yadav,Capped All-Rounder,All-rounder,India,1.5 Cr,jayant_yadav.avif
Krunal Pandya,Capped All-Rounder,All-rounder,India,1.5 Cr,krunal_pandya.avif
Mitchell Santner,Capped All-Rounder,All-rounder,New Zealand,1.5 Cr,mitchell_santner.avif    
Mitch Owen,Capped All-Rounder,All-rounder,Australia,1Cr, mitch_owen.avif
Nitish Kumar Reddy,Capped All-Rounder,All-rounder,India,1.5 Cr, nkr.avif
Rahul Tewatia,Capped All-Rounder,All-rounder,India,1.5 Cr, rahul_tewatia.avif
Riyan Parag,Capped All-Rounder,All-rounder,India,1.5 Cr,riyan_parag.avif
Romario Shepherd,Capped All-Rounder,All-rounder,West Indies,1.5 Cr, romario_shepherd.avif
Shahbaz Ahmed,Capped All-Rounder,All-rounder,India,1.5 Cr, shahbaz_ahamad.avif
Shivam Dube,Capped All-Rounder,All-rounder,India,1.5 Cr, shivam_dube.avif
Tim David,Capped All-Rounder,All-rounder,Australia,1.5 Cr, tim_david.avif
Washington Sundar,Capped All-Rounder,All-rounder,India,1.5 Cr, washington_sundar.avif
Abdul Samad,Uncapped All-Rounder,Batsman,India,50 L,abdul_samad.avif
Ajay Mandal,Uncapped All-Rounder,All-rounder,India,50 L,Ajay_Mandal.avif
Akash Singh,Uncapped Bowler,Bowler,India,50 L,akash_singh.avif
Angkrish Raghuvanshi,Uncapped Batsman,Batsman,India,50 L,angkrish_raghuvanshi.avif
Aniket Verma,Uncapped All-Rounder,Batsman,India,50 L,aniket_verma.avif
Anshul Kamboj,Uncapped All-Rounder,Batsman,India,50 L,anshul_kamboj.avif
Anuj Rawat,Uncapped Wicket-Keeper,Wicket-Keeper,India,50 L,anuj_rawat.avif
Arshad Khan,Uncapped All-Rounder,All-rounder,India,50 L,arshad_khan.avif
Ashutosh Sharma,Uncapped All-Rounder,Batsman,India,50 L,ashutosh_sharma.avif
Ashwani Kumar,Uncapped Bowler,Batsman,India,50 L,ashwani_kumar.avif
Ayush Badoni,Uncapped All-Rounder,Batsman,India,50 L, ayush_badoni.avif
Ayush Mhatre,Uncapped Batsman,Batsman,India,50 L, ayush_mhatre.avif
Digvesh Singh,Uncapped All-Rounder,Bowler,India,50 L, digvesh_singh.avif
Gurjapneet Singh,Uncapped Bowler,Bowler,India,50 L, gurjapneet_singh.avif
Himmat Singh,Uncapped Batsman,Batsman,India,50 L, himmat_singh.avif
Jamie Overton,Uncapped All-Rounder,All-rounder,England,50 L,jamie_overton.avif
Kamindu Mendis,Uncapped All-Rounder,All-rounder,Sri Lanka,50 L, kamindu_mendis.avif
Kumar Kushagra,Uncapped Wicket-Keeper,Wicket-Keeper,India,50 L, kumar_kushagra.avif
Kwena Maphaka,Uncapped Bowler,Batsman,India,50 L,kwena_maphaka.avif
Manav Suthar,Uncapped All-Rounder,Bowler,India,50 L, manav_suthar.avif
Manimaran Siddharth,Uncapped Bowler,Batsman,India,50 L,m_siddhart.avif
Mukesh Choudhary,Uncapped Bowler,Batsman,India,50 L, mukesh_choudhary.avif
Musheer Khan,Uncapped All-Rounder,All-rounder,India,50 L, musheer_khan.avif
Naman Dhir,Uncapped All-Rounder,All-rounder,India,50 L, naman_dhir.avif
Nehal Wadhera,Uncapped Batsman,Batsman,India,50 L,nehal_wadhera.avif
Nishant Sindhu,Uncapped All-Rounder,Batsman,India,50 L, Nishant_Sindhu.avif
Prince Yadav,Uncapped Bowler,Batsman,India,50 L, prince_yadav.avif
Priyansh Arya,Uncapped Batsman,Batsman,India,50 L, priyansh_arya.avif
Ramandeep Singh,Uncapped All-Rounder,Batsman,India,50 L, ramandeep_singh.avif
Rasikh Salam,Uncapped Bowler,Bowler,India,50 L, rashik_dar.avif
Robin Minz,Uncapped Wicket-Keeper,Wicket-Keeper,India,50 L,robin_minz.avif
Sameer Rizvi,Uncapped Batsman,Batsman,India,50 L,rizvi.avif
Shashank Singh,Uncapped Batsman,Batsman,India,50 L,shashank_singh.avif
Shubham Dubey,Uncapped Batsman,Batsman,India,50 L, shubham_dubey.avif
Suyash Sharma,Uncapped Bowler,Batsman,India,50 L, suyash_sharma.avif
Swapnil Singh,Uncapped All-Rounder,All-rounder,India,50 L, swapnil_singh.avif
Urvil Patel,Uncapped Wicket-Keeper,Wicket-Keeper,India,50 L,urvil_patel.avif
Vaibhav Suryavanshi,Uncapped Batsman,Batsman,India,50 L, vaibhav_suryavanshi.avif
Vaibhav Arora,Uncapped Bowler,Bowler,India,50 L, vaibhav_arora.avif
Vijaykumar Vyshak,Uncapped Bowler,Bowler,India,50 L, vyshak_vijaykumar.avif
Vipraj Nigam,Uncapped All-Rounder,All-rounder,India,50 L, Vipraj_Niga.avif
Xavier Bartlett,Uncapped Bowler,Batsman,Australia,50 L, xavier_bartlett.avif
Yash Thakur,Uncapped Bowler,Bowler,India,50 L, yash_thakur.avif
Zeeshan Ansari,Uncapped Bowler,Batsman,India,50 L, zeeshan_ansari.avif
